Twitter ID,Removal observed,Reversal observed,Reason
14260960,1784271805,,Unverified
14982625,1784271805,,Unverified
15078840,1784271805,,Unverified
15102849,1784271805,,Unverified
15117459,1784271805,,Unverified
15461733,1784271805,,Unverified
15921684,1784271805,,Unverified
16669075,1784271805,,Unverified
16706236,1784297539,,Deactivated
17781165,1784271805,,Unverified
18718638,1784297539,,Deactivated
18736652,1784271805,,Unverified
19438957,1784297539,,Deactivated
22125770,1784297539,,Deactivated
24351017,1784271868,,Unverified
24857905,1784271868,,Unverified
25486821,1784297539,,Deactivated
34773800,1784271931,,Unverified
35386147,1784271931,,Unverified
35491896,1784271931,,Unverified
36022093,1784297539,,Deactivated
36158689,1784297539,,Deactivated
36457965,1784297539,,Deactivated
36592757,1784271931,,Unverified
37500448,1784271931,,Unverified
37717107,1784297539,,Deactivated
38704343,1784271931,,Unverified
39590629,1784297539,,Deactivated
39826188,1784297539,,Deactivated
41147062,1784271931,,Unverified
41468895,1784271931,,Unverified
43452820,1784271931,,Unverified
47892471,1784271931,,Unverified
47917053,1784271931,,Unverified
48111616,1784297539,,Deactivated
49762925,1784297539,,Deactivated
50273007,1784271931,,Unverified
50998995,1784271993,,Unverified
56359887,1784271993,,Unverified
59215690,1784271993,,Unverified
59477935,1784297539,,Deactivated
61324547,1784271993,,Unverified
62081232,1784271993,,Unverified
62829259,1784271993,,Unverified
62891396,1784297539,,Deactivated
64376876,1784271993,,Unverified
66259542,1784297539,,Deactivated
66344658,1784271993,,Unverified
67059584,1784271993,,Unverified
67887198,1784271993,,Unverified
68810711,1784297539,,Deactivated
69524406,1784271993,,Unverified
70809242,1784297539,,Deactivated
73752091,1784271993,,Unverified
73981088,1784271993,,Unverified
75267429,1784297539,,Deactivated
81119708,1784297539,,Deactivated
83508245,1784272056,,Unverified
84782143,1784272056,,Unverified
88808843,1784272056,,Unverified
90365212,1784272056,,Unverified
95172754,1784297539,,Deactivated
96684891,1784272056,,Unverified
96972904,1784297539,,Deactivated
98081788,1784272056,,Unverified
101105979,1784272056,,Unverified
101913320,1784272056,,Unverified
102580768,1784272056,,Unverified
103951387,1784272056,,Unverified
104201057,1784272056,,Unverified
105139794,1784272119,,Unverified
105164603,1784272119,,Unverified
105661624,1784297539,,Deactivated
106714016,1784297539,,Deactivated
106807416,1784272119,,Unverified
107188493,1784272119,,Unverified
107846407,1784272119,,Unverified
108882147,1784272119,,Unverified
109301819,1771138048,,Unverified
109845429,1784272119,,Unverified
111546828,1784272119,,Unverified
112364216,1784272119,,Unverified
113430831,1784297539,,Deactivated
114697823,1784272119,,Unverified
115629134,1784272119,,Unverified
115660120,1784297539,,Deactivated
116426900,1784272119,,Unverified
119275272,1784272119,,Unverified
120559011,1784272119,,Unverified
120957225,1784272119,,Unverified
121147627,1784272119,,Unverified
121828021,1784297539,,Deactivated
123487046,1784272119,,Unverified
124175676,1784272119,,Unverified
125751689,1784297539,,Deactivated
125849845,1784272119,,Unverified
126372875,1784297539,,Deactivated
127064256,1784297539,,Deactivated
128594349,1784297539,,Deactivated
130972973,1784297539,,Deactivated
134810781,1784272181,,Unverified
135731511,1784272181,,Unverified
135788123,1784272181,,Unverified
136034867,1784272181,,Unverified
136170535,1784272181,,Unverified
137894459,1784297539,,Deactivated
140604687,1784297539,,Deactivated
140976305,1784297539,,Deactivated
141513987,1784272181,,Unverified
141746127,1784272181,,Unverified
143078512,1784272181,,Unverified
143212610,1784297539,,Deactivated
143508762,1784297539,,Deactivated
146088853,1784297539,,Deactivated
146169125,1784272181,,Unverified
147429329,1784272181,,Unverified
147944975,1784272181,,Unverified
148766444,1784272181,,Unverified
157592722,1784272181,,Unverified
162850914,1784297539,,Deactivated
166875490,1784272181,,Unverified
168753203,1784272244,,Unverified
169271629,1784272244,,Unverified
169927909,1784272244,,Unverified
174604776,1784272244,,Unverified
177190532,1784297539,,Deactivated
177592318,1784272244,,Unverified
177737258,1784272244,,Unverified
180200031,1784272244,,Unverified
185512182,1784272244,,Unverified
185526956,1784272244,,Unverified
188620283,1784272244,,Unverified
188841819,1784297539,,Deactivated
190162349,1784297539,,Deactivated
195801530,1784272244,,Unverified
196177081,1784272244,,Unverified
196493243,1784272244,,Unverified
196935745,1784297539,,Deactivated
202124076,1784272244,,Unverified
212883255,1784272307,,Unverified
213705567,1784297539,,Deactivated
214419688,1784272307,,Unverified
216777909,1784297539,,Deactivated
216907097,1784272307,,Unverified
219070649,1784272307,,Unverified
220899254,1784272307,,Unverified
224626669,1784297539,,Deactivated
224647733,1784297539,,Deactivated
225445834,1784272307,,Unverified
229466877,1784272307,,Unverified
234561520,1784272307,,Unverified
235547108,1784272307,,Unverified
236354374,1784297539,,Deactivated
242730127,1784297539,,Deactivated
247310664,1784297539,,Deactivated
248198011,1784272369,,Unverified
253585951,1784272369,,Unverified
253997163,1784272369,,Unverified
257126470,1784272369,,Unverified
261384454,1784272369,,Unverified
264569048,1784272369,,Unverified
266415996,1784272369,,Unverified
276421964,1784272369,,Unverified
281544249,1784297539,,Deactivated
285532332,1784272432,,Unverified
291969316,1784272432,,Unverified
292809413,1784272432,,Unverified
294028805,1784297539,,Deactivated
294046348,1784297539,,Deactivated
298261239,1784272432,,Unverified
299562197,1784297539,,Deactivated
304788556,1784272432,,Unverified
307682615,1784272432,,Unverified
309061700,1771138048,,Unverified
309104886,1784297539,,Deactivated
312061934,1784297539,,Deactivated
313135441,1784272432,,Unverified
317541735,1784297539,,Deactivated
325472662,1784272432,,Unverified
327293850,1784272494,,Unverified
334989877,1784272494,,Unverified
335525056,1784297539,,Deactivated
339672742,1784297539,,Deactivated
343577508,1784272494,,Unverified
345178332,1784272494,,Unverified
347955725,1784272494,,Unverified
348021050,1784272494,,Unverified
351046695,1784272494,,Unverified
362662282,1784297539,,Deactivated
364461517,1784272494,,Unverified
365614565,1784272494,,Unverified
365945694,1784272494,,Unverified
370854566,1784297539,,Deactivated
374393880,1784272557,,Unverified
376819015,1784272557,,Unverified
380828356,1784272557,,Unverified
384733322,1784272557,,Unverified
395219189,1784297539,,Deactivated
399830887,1784297539,,Deactivated
402272026,1784272557,,Unverified
405431301,1784272557,,Unverified
407098018,1784272557,,Unverified
410600771,1784272557,,Unverified
415212065,1784272557,,Unverified
418838563,1784297539,,Suspended
424822937,1784297539,,Deactivated
425167544,1784297539,,Deactivated
442575131,1784272619,,Unverified
446879290,1784272619,,Unverified
461762728,1784272619,,Unverified
467739426,1784272619,,Unverified
468760773,1784297539,,Deactivated
475795236,1784297539,,Deactivated
480403547,1784272619,,Unverified
495328039,1784272619,,Unverified
499306046,1784297539,,Deactivated
510164714,1784272619,,Unverified
523331076,1784297539,,Deactivated
537555179,1784272682,,Unverified
541763423,1784272682,,Unverified
560816005,1771138048,,Unverified
561447826,1784272682,,Unverified
562768872,1784272682,,Unverified
572349329,1784272682,,Unverified
573322930,1784272682,,Unverified
577897347,1784272682,,Unverified
589708363,1784272682,,Unverified
598948418,1784272744,,Unverified
606374288,1784272744,,Unverified
615812599,1784272744,,Unverified
617939527,1784272744,,Unverified
618362387,1784272744,,Unverified
745229455,1771138048,,Deactivated
750791102,1784272744,,Unverified
769173776,1784272744,,Unverified
812951330,1784272807,,Unverified
815503969,1784272807,,Unverified
821692297,1784272807,,Unverified
844193017,1784297539,,Deactivated
856148305,1784297539,,Deactivated
865193588,1784272807,,Unverified
871358839,1784272807,,Unverified
876208159,1784297539,,Deactivated
879153462,1784272807,,Unverified
889180130,1784272807,,Unverified
890116165,1784272807,,Unverified
903338594,1784272807,,Unverified
942156122,1784272807,,Unverified
958751048,1784272807,,Unverified
960847880,1784297539,,Deactivated
1020586868,1784272869,,Unverified
1032330366,1784272869,,Unverified
1049921888,1784297539,,Deactivated
1053557172,1784272869,,Unverified
1060370282,1784272869,,Unverified
1077286777,1784272869,,Unverified
1081881492,1784272869,,Unverified
1088393834,1784272869,,Unverified
1105782542,1784272869,,Unverified
1109421360,1784272869,,Unverified
1226685006,1784272932,,Unverified
1229912053,1784272932,,Unverified
1243265606,1784272932,,Unverified
1260867974,1784272932,,Unverified
1260881118,1784272932,,Unverified
1286727673,1784297539,,Deactivated
1302037592,1784272932,,Unverified
1312906808,1784272932,,Unverified
1343905669,1784272932,,Unverified
1365801960,1784297539,,Deactivated
1393721634,1784272932,,Unverified
1409223888,1784272932,,Unverified
1418547937,1784272932,,Unverified
1446603145,1784272932,,Unverified
1474736472,1784272994,,Unverified
1482535734,1784272994,,Unverified
1495574077,1784272994,,Unverified
1521843800,1784272994,,Unverified
1545607255,1784272994,,Unverified
1547169860,1784272994,,Unverified
1547902129,1784297539,,Deactivated
1551580638,1784297539,,Deactivated
1601858268,1784297539,,Deactivated
1623608509,1784297539,,Deactivated
1870730869,1784273057,,Unverified
1872821635,1784273057,,Unverified
1884607476,1784273057,,Unverified
1895141923,1784273057,,Unverified
1908167676,1784297539,,Deactivated
1911471896,1784297539,,Deactivated
1911869612,1784297539,,Deactivated
1940241985,1784273057,,Unverified
1947467544,1784297539,,Deactivated
1967216306,1784273057,,Unverified
1978892694,1784273057,,Unverified
2152953810,1784297539,,Deactivated
2157820581,1784297539,,Deactivated
2214447931,1784273057,,Unverified
2262591259,1784273120,,Unverified
2270585509,1784273120,,Unverified
2321021869,1784273120,,Unverified
2371024465,1784273120,,Unverified
2371672316,1784273120,,Unverified
2397006729,1784297539,,Deactivated
2421039782,1784297539,,Deactivated
2426217830,1784273182,,Unverified
2439084283,1784273182,,Unverified
2459904061,1771138048,1784271805,Deactivated
2559994143,1784297539,,Deactivated
2562509436,1784273245,,Unverified
2599249849,1784297539,,Deactivated
2753262374,1784297539,,Deactivated
2767724844,1784273245,,Unverified
2789564954,1784297539,,Deactivated
2795498694,1784273245,,Unverified
2795941059,1784273245,,Unverified
2796946685,1784273245,,Unverified
2799983923,1784273245,,Unverified
2831409332,1784273307,,Unverified
2841244444,1784273307,,Unverified
2846625063,1784297539,,Deactivated
2868127063,1784273307,,Unverified
2899953817,1784273307,,Unverified
2903872024,1784273307,,Unverified
2910868802,1784273307,,Unverified
2918207822,1784273307,,Unverified
2981578354,1784273370,,Unverified
2997418453,1784273370,,Unverified
3015139035,1784273370,,Unverified
3016064940,1784273370,,Unverified
3016179829,1784273370,,Unverified
3053719045,1784273370,,Unverified
3119167484,1784273370,,Unverified
3131513770,1784273370,,Unverified
3143090312,1784273370,,Unverified
3214288401,1784273432,,Unverified
3289800119,1784273432,,Unverified
3311550962,1784273432,,Unverified
3319284337,1784273432,,Unverified
3319350172,1784297539,,Deactivated
3322248487,1784273432,,Unverified
3433322913,1784273495,,Unverified
3439152657,1784297539,,Deactivated
3451032734,1784273495,,Unverified
3843399615,1771138049,,Deactivated
4011944531,1784297539,,Deactivated
4161868503,1784273495,,Unverified
4504696038,1784273557,,Unverified
4603777982,1784273557,,Unverified
4857028298,1784297539,,Deactivated
4912519991,1784297539,,Deactivated
4913471053,1784273557,,Unverified
694943148183670784,1784273557,,Unverified
704667569765163020,1784273557,,Unverified
714056645979013121,1784273620,,Unverified
718411807996702720,1784273620,,Unverified
720999142986792961,1784273620,,Unverified
728654121205641216,1771138049,,Deactivated
730418762222968832,1784273620,,Unverified
733235803208306689,1784273682,,Unverified
737583593245937664,1784297539,,Deactivated
742074266741510145,1784273682,,Unverified
745198763552145409,1784273682,,Unverified
754130997730422784,1784273682,,Unverified
758054407158325248,1784273682,,Unverified
777385000119533569,1784273744,,Unverified
786570426696675328,1784273744,,Unverified
788885276374380544,1784273744,,Unverified
793064208296452096,1784273807,,Unverified
800983231004753920,1784273807,,Unverified
803520900012404736,1784273807,,Unverified
804943991481372672,1784273807,,Unverified
811239440916054016,1784273807,,Unverified
812960114202345472,1784273807,,Unverified
814588152446906373,1784273807,,Unverified
816871506751922177,1784273807,,Unverified
818934414428213248,1784273807,,Unverified
822240750565871616,1784297539,,Deactivated
828618838937710592,1784273870,,Unverified
833866550906068992,1784273870,,Unverified
855535751437725696,1784273932,,Unverified
860509927995056128,1784297539,,Deactivated
860512885700796416,1784297539,,Deactivated
861707648584085504,1784297539,,Deactivated
862987416520593413,1784297539,,Deactivated
864250661533343747,1784297539,,Deactivated
876414842998931456,1784273994,,Unverified
879361782585982976,1784297539,,Deactivated
884483906375954434,1771138049,,Deactivated
894816050205794304,1784273994,,Unverified
905091067049017345,1784274056,,Unverified
913308968809672705,1784274056,,Unverified
914844025944805376,1784274056,,Unverified
915219693681741824,1784274056,,Unverified
915831040471556096,1784274056,,Unverified
916089913161900032,1784274056,,Unverified
917639918200823810,1784274056,,Unverified
919026906753769472,1784274056,,Unverified
919863125947580416,1784274056,,Unverified
929919606512332801,1784274119,,Unverified
934688422727430144,1784274119,,Unverified
936272180576440320,1784274119,,Unverified
936290897326759936,1784274119,,Unverified
936297326552993794,1784274119,,Unverified
936361448355323904,1784274119,,Unverified
937009387813720065,1784274119,,Unverified
940609192527843328,1784297539,,Deactivated
943056706644320256,1784274119,,Unverified
945921787644260352,1784274119,,Unverified
949556455597920256,1784274119,,Unverified
954012250053820416,1784297539,,Deactivated
956611811666776064,1784274119,,Unverified
957960163440365568,1784274119,,Unverified
958044239576948736,1784274119,,Unverified
960433527064952832,1784274181,,Unverified
971232611543715841,1784274181,,Unverified
974233724224200704,1784297539,,Deactivated
975179529026117632,1784274181,,Unverified
979067959686651907,1784274181,,Unverified
988415383441944581,1784274181,,Unverified
1006888339029594112,1784297539,,Deactivated
1014516067870355458,1784297539,,Deactivated
1017358456737681408,1784297539,,Suspended
1017493388638281730,1784274243,,Unverified
1024775069619433477,1784274305,,Unverified
1048117513161072640,1784274305,,Unverified
1054748807873753088,1784274368,,Unverified
1063252864213110784,1784274368,,Unverified
1068056489871515649,1784274368,,Unverified
1068058445428023296,1784274368,,Unverified
1068059835340648448,1784274368,,Unverified
1072488375486242816,1784274368,,Unverified
1072552749630246912,1784274368,,Unverified
1080238248385859584,1784274430,,Unverified
1080477288955826176,1784274430,,Unverified
1090224356133871616,1784297539,,Deactivated
1108225083120762880,1784297539,,Deactivated
1110525607601995781,1784274493,,Unverified
1113714716025741312,1784274493,,Unverified
1119952891756912641,1784274493,,Unverified
1121721934813782020,1784274493,,Unverified
1123131381905874949,1784274493,,Unverified
1124244087815790592,1784274493,,Unverified
1125785675465404416,1784274493,,Unverified
1126025025809788928,1784274493,,Unverified
1126706905307439107,1784274493,,Unverified
1126766011250724864,1784274493,,Unverified
1129584701277069313,1784274493,,Unverified
1131796278617100288,1784274493,,Unverified
1136306109944422400,1784297539,,Deactivated
1136309025358917633,1784297539,,Deactivated
1142016088676294658,1784274555,,Unverified
1142673750984257536,1784274555,,Unverified
1143663601451843584,1784274555,,Unverified
1146107423511461890,1784297539,,Deactivated
1158389772920020993,1784297539,,Deactivated
1168774866667016192,1784274617,,Unverified
1171708459315802112,1784297539,,Suspended
1178342759025000450,1784274617,,Unverified
1181912333553004544,1784297539,,Deactivated
1183695482138349568,1784274617,,Unverified
1183980515553972224,1784274617,,Unverified
1184181440533192711,1784274617,,Unverified
1184737771266760705,1784274617,,Unverified
1189267109974609920,1784297539,,Deactivated
1194701678202761217,1784274679,,Unverified
1196239012022738944,1784274679,,Unverified
1204242402103267328,1784274679,,Unverified
1212225001258024960,1784274679,,Unverified
1231191627357548544,1784274742,,Unverified
1232783237623119872,1784274742,,Unverified
1234828109385474052,1784274742,,Unverified
1234897658407456768,1784297539,,Suspended
1235549883316285440,1784274742,,Unverified
1240040634905432065,1784274742,,Unverified
1252364845808222208,1784274804,,Unverified
1254514161708564480,1784274804,,Unverified
1254871009003536384,1784297539,,Deactivated
1256223923349446657,1784297539,,Deactivated
1263252627225280512,1784274804,,Unverified
1268059780477710337,1784274804,,Unverified
1273358447908737024,1784297539,,Deactivated
1277606753337659393,1784274804,,Unverified
1286753931834646529,1784274866,,Unverified
1293572831247249409,1784274866,,Unverified
1303819846526750720,1784274866,,Unverified
1304245852282650624,1784297539,,Deactivated
1313634247400255490,1784274928,,Unverified
1322890711667253248,1784274928,,Unverified
1340567539483635712,1784274928,,Unverified
1341621248900562944,1784274928,,Unverified
1342041279207772160,1784274928,,Unverified
1343627416120532992,1784274928,,Unverified
1347218174186573831,1784297539,,Deactivated
1351716580720316417,1784274991,,Unverified
1359697713156161538,1784274991,,Unverified
1362425776071577601,1784274991,,Unverified
1363841111207383041,1784297539,,Deactivated
1384479678820458499,1771138049,1784271805,Unverified
1402341454249443334,1784297539,,Deactivated
1404803870426079251,1784275053,,Unverified
1411007665350725632,1784275053,,Unverified
1411601982641614854,1784275053,,Unverified
1427396718845300748,1784275053,,Unverified
1435835211237912582,1784275115,,Unverified
1436988262581776386,1784275115,,Unverified
1439957849539428360,1784275115,,Unverified
1444963732854018054,1784275115,,Unverified
1448368746041647108,1784275115,,Unverified
1450063871704645634,1784275115,,Unverified
1452706961565396996,1784275115,,Unverified
1454004915039182851,1784275115,,Unverified
1455562738357444625,1784275115,,Unverified
1458707103586078723,1784275115,,Unverified
1466923845919678470,1771138049,,Unverified
1470650823307055104,1771138049,,Deactivated
1471376293120065536,1784275177,,Unverified
1483910384427966472,1784275177,,Unverified
1484648623866626049,1784275177,,Unverified
1493431464154726402,1784297539,,Deactivated
1500107451248812032,1784275177,,Unverified
1500867239674843143,1784275177,,Unverified
1513061990914310144,1784275177,,Unverified
1513896285367156737,1784275240,,Unverified
1518590353875476481,1784275240,,Unverified
1519776951036170240,1784275240,,Unverified
1527270662850482176,1784275240,,Unverified
1528327082727591943,1784275240,,Unverified
1532052571715735554,1784297539,,Deactivated
1533868138475008001,1784275240,,Unverified
1534792575902789632,1784297539,,Deactivated
1536377758762377219,1784275240,,Unverified
1537415009545895936,1784297539,,Deactivated
1540016178122350592,1784297539,,Deactivated
1541185813698203648,1784275240,,Unverified
1541516387084107779,1784297539,,Deactivated
1542141841725865984,1784297539,,Deactivated
1544313416290078720,1784297539,,Deactivated
1556744702921244675,1784275240,,Unverified
1566803739545051136,1784297539,,Deactivated
1567278151805329413,1784275302,,Unverified
1569416439831863297,1784275302,,Unverified
1572463626849759233,1784275302,,Unverified
1575192262467895298,1784275302,,Unverified
1583516122061672473,1784275302,,Unverified
1586004427709743104,1784297539,,Deactivated
1587055171598798849,1784297539,,Deactivated
1587229514190688256,1784275302,,Unverified
1589608699202502658,1784297539,,Deactivated
1590315856936026112,1784297539,,Deactivated
1590736103941804033,1784297539,,Deactivated
1593462212722495489,1784275302,,Unverified
1603612021232132096,1784297539,,Deactivated
1604632586604666881,1784275302,,Unverified
1609922672275689472,1784297539,,Deactivated
1611702797849837568,1784297539,,Deactivated
1613256949142790149,1784297539,,Deactivated
1616925681820000260,1784275364,,Unverified
1620051788211650561,1784297539,,Deactivated
1623860894873829376,1784275364,,Unverified
1625244042446381056,1784275364,,Unverified
1625249380734234649,1784275364,,Unverified
1625801301224312833,1771138050,,Unverified
1625882616875417605,1784275364,,Unverified
1630449651035013121,1784297539,,Deactivated
1633964118431477761,1784297539,,Deactivated
1635732398380838913,1784297539,,Deactivated
1635965793593708547,1784275364,,Unverified
1643613168613175308,1784275364,,Unverified
1649507519159566337,1784275364,,Unverified
1658434720022274049,1784275364,,Unverified
1662996856190930949,1784275364,,Unverified
1671566169818406912,1784275427,,Unverified
1700156077642293248,1784275427,,Unverified
1724699609858236416,1784275427,,Unverified
1729088453835358208,1784275427,,Unverified
1734454244411928576,1784275427,,Unverified
1744779110839136257,1784275427,,Unverified
1755142980233531392,1784297539,,Deactivated
1755622516532645888,1784275427,,Unverified
1759816594115510272,1784275489,,Unverified
1761697954409447424,1784275489,,Unverified
1776902005854015488,1784275489,,Unverified
1786040627270180864,1784275489,,Unverified
1807574125822795777,1784275489,,Unverified
1833443531697901568,1784275552,,Unverified
1846701110893166592,1784275552,,Unverified
1881454601041244161,1784275552,,Unverified
1881479405458935808,1784275552,,Unverified
1883283813276770304,1784275552,,Unverified
1884155451975294977,1784275552,,Unverified
1903004049554767872,1784275613,,Unverified
1904151906802372608,1784275613,,Unverified
1909909942662049792,1784275613,,Unverified
1930699543538262016,1784275613,,Unverified
1945967516796518400,1784275613,,Unverified
1946261368958484480,1784275613,,Unverified
1950445414424965120,1784275613,,Unverified
1974799902333874176,1784275676,,Unverified
2000562962583658496,1784297539,,Suspended
2000754998783942656,1784275676,,Unverified
